id,countryId,asId
0,0,0
1,0,0
2,0,0
3,0,0
4,0,1
5,0,2
6,1,3
7,1,3
8,1,4
9,1,5
10,1,3
11,1,3
12,1,6
13,1,7
14,1,8
15,1,9
16,1,10
17,1,10
18,2,11
19,2,11
20,2,11
21,2,11
22,2,11
23,2,11
24,2,12
25,2,12
26,2,12
27,2,12
28,2,13
29,2,13
30,2,13
31,3,13
32,3,13
33,3,13
34,2,3
35,2,3
36,2,14
37,2,15
38,2,16
39,2,11
40,2,17
41,2,17
42,2,17
43,2,18
44,2,19
45,2,19
46,2,19
47,2,19
48,2,3
49,2,3
50,2,3
51,2,3
52,2,20
53,2,21
54,2,13
55,2,13
56,2,22
57,2,22
58,2,3
59,2,3
60,2,3
61,2,23
62,2,15
63,2,3
64,2,3
65,2,24
66,2,24
67,2,3
68,2,3
69,2,3
70,2,3
71,2,25
72,2,26
73,2,3
74,2,27
75,2,28
76,2,3
77,2,11
78,2,29
79,2,18
80,2,30
81,2,31
82,2,32
83,2,3
84,2,21
85,4,33
86,4,3
87,4,3
88,4,3
89,4,3
90,4,34
91,4,34
92,4,34
93,4,35
94,4,35
95,4,35
96,4,35
97,4,35
98,4,35
99,4,35
100,4,35
101,4,3
102,4,3
103,4,36
104,4,36
105,4,36
106,5,37
107,5,37
108,4,38
109,4,38
110,4,38
111,4,38
112,4,3
113,4,39
114,4,40
115,4,3
116,3,3
117,4,41
118,4,42
119,4,3
120,6,43
121,7,44
122,8,3
123,8,3
124,8,3
125,8,45
126,8,45
127,8,45
128,8,45
129,8,3
130,8,3
131,8,3
132,8,46
133,8,46
134,8,46
135,8,46
136,8,46
137,8,46
138,0,47
139,8,47
140,8,46
141,8,3
142,8,3
143,8,3
144,8,46
145,8,3
146,8,3
147,8,3
148,8,3
149,8,3
150,8,3
151,8,46
152,8,3
153,8,48
154,8,3
155,8,3
156,8,49
157,8,50
158,8,51
159,8,46
160,8,52
161,8,53
162,8,54
163,9,55
164,9,55
165,9,55
166,9,3
167,10,56
168,10,56
169,10,56
170,10,56
171,10,3
172,10,3
173,10,57
174,10,3
175,10,58
176,10,58
177,10,58
178,10,3
179,10,3
180,10,3
181,10,59
182,10,56
183,10,56
184,10,3
185,10,58
186,10,60
187,10,61
188,10,61
189,10,58
190,10,3
191,10,58
192,10,3
193,0,62
194,10,58
195,10,56
196,10,63
197,10,64
198,10,58
199,10,56
200,10,65
201,10,66
202,10,67
203,10,3
204,10,3
205,10,68
206,10,69
207,10,58
208,10,58
209,10,70
210,11,71
211,11,71
212,11,71
213,11,72
214,11,72
215,11,3
216,11,3
217,11,73
218,12,74
219,12,74
220,12,74
221,12,74
222,12,74
223,12,74
224,12,74
225,12,74
226,12,74
227,12,74
228,12,74
229,12,74
230,12,74
231,12,74
232,12,74
233,12,74
234,12,74
235,12,74
236,12,74
237,12,74
238,12,74
239,12,74
240,12,74
241,12,74
242,12,74
243,12,74
244,12,74
245,12,74
246,12,74
247,12,74
248,12,74
249,12,74
250,12,74
251,12,74
252,12,74
253,12,74
254,12,74
255,12,74
256,12,74
257,12,74
258,12,74
259,12,74
260,12,74
261,12,74
262,12,74
263,12,74
264,12,74
265,12,74
266,12,74
267,12,74
268,12,74
269,12,74
270,12,74
271,12,74
272,12,74
273,12,74
274,12,74
275,12,74
276,12,74
277,12,74
278,12,74
279,12,74
280,12,74
281,12,74
282,12,74
283,12,74
284,12,74
285,12,74
286,12,74
287,12,74
288,12,74
289,12,74
290,12,74
291,12,74
292,12,74
293,12,74
294,12,74
295,12,74
296,12,74
297,12,74
298,12,74
299,12,74
300,12,74
301,12,74
302,12,3
303,12,3
304,12,74
305,12,74
306,12,74
307,12,74
308,12,74
309,12,74
310,12,74
311,12,74
312,12,74
313,12,74
314,12,74
315,12,74
316,12,74
317,12,74
318,12,74
319,12,74
320,12,74
321,12,74
322,12,74
323,12,74
324,12,74
325,12,74
326,12,74
327,12,74
328,12,74
329,12,74
330,12,74
331,12,74
332,12,74
333,12,74
334,12,74
335,12,74
336,12,74
337,12,74
338,12,74
339,12,74
340,12,74
341,12,74
342,12,74
343,12,74
344,12,74
345,12,74
346,12,74
347,12,74
348,12,74
349,12,74
350,12,74
351,12,74
352,12,74
353,12,74
354,12,74
355,12,74
356,12,74
357,12,74
358,12,74
359,12,74
360,12,74
361,12,74
362,12,74
363,12,74
364,12,74
365,12,74
366,12,74
367,12,74
368,12,74
369,12,74
370,12,74
371,12,74
372,12,74
373,12,74
374,12,74
375,12,74
376,12,74
377,12,74
378,12,74
379,12,74
380,12,74
381,12,74
382,12,74
383,12,74
384,12,74
385,12,74
386,12,74
387,12,74
388,12,74
389,12,74
390,12,74
391,12,74
392,12,74
393,12,74
394,12,74
395,12,74
396,12,74
397,12,74
398,12,74
399,12,74
400,12,74
401,12,74
402,12,74
403,12,74
404,12,74
405,12,74
406,12,74
407,12,74
408,12,74
409,12,3
410,12,74
411,12,74
412,12,74
413,12,74
414,12,74
415,12,74
416,12,74
417,12,74
418,12,74
419,12,74
420,12,74
421,12,74
422,12,74
423,12,74
424,12,74
425,12,3
426,12,74
427,12,74
428,12,74
429,12,74
430,12,74
431,12,74
432,12,74
433,12,74
434,12,74
435,12,74
436,12,74
437,12,74
438,12,74
439,12,74
440,12,74
441,12,74
442,12,74
443,12,74
444,12,74
445,12,74
446,12,74
447,12,74
448,12,74
449,12,74
450,12,74
451,12,74
452,12,74
453,12,74
454,12,74
455,12,74
456,12,75
457,12,75
458,12,75
459,12,3
460,12,75
461,12,75
462,12,75
463,12,75
464,12,75
465,12,75
466,12,75
467,12,75
468,12,75
469,12,75
470,12,75
471,12,75
472,12,75
473,12,75
474,12,75
475,12,75
476,12,75
477,12,75
478,12,3
479,12,75
480,12,75
481,12,75
482,12,75
483,12,75
484,12,75
485,12,75
486,12,75
487,12,75
488,12,75
489,12,75
490,12,75
491,12,75
492,12,75
493,12,75
494,12,75
495,12,75
496,12,75
497,12,75
498,12,75
499,12,75
500,12,75
501,12,75
502,12,75
503,12,75
504,12,75
505,12,3
506,0,76
507,12,76
508,12,76
509,0,76
510,0,76
511,12,77
512,12,77
513,12,77
514,12,77
515,12,77
516,12,77
517,12,77
518,12,77
519,12,77
520,12,77
521,12,77
522,12,77
523,12,3
524,12,77
525,12,77
526,12,77
527,12,77
528,12,77
529,12,35
530,12,35
531,12,35
532,12,35
533,12,78
534,12,78
535,12,78
536,12,79
537,12,79
538,12,79
539,12,80
540,12,80
541,12,80
542,12,81
543,12,81
544,12,74
545,12,74
546,12,74
547,12,82
548,12,82
549,12,82
550,12,82
551,12,3
552,12,3
553,12,83
554,12,84
555,12,84
556,12,3
557,12,3
558,12,85
559,12,86
560,12,86
561,12,3
562,12,3
563,12,3
564,12,3
565,12,87
566,12,88
567,12,88
568,12,3
569,12,74
570,12,74
571,12,89
572,12,90
573,12,91
574,12,79
575,12,3
576,12,3
577,12,92
578,12,93
579,12,94
580,12,95
581,12,95
582,12,69
583,0,96
584,0,30
585,12,97
586,12,3
587,12,79
588,12,0
589,12,98
590,12,3
591,12,99
592,12,35
593,12,3
594,12,3
595,12,82
596,12,100
597,12,101
598,12,79
599,13,3
600,13,3
601,13,3
602,13,3
603,13,3
604,13,3
605,13,3
606,13,3
607,13,3
608,13,3
609,13,3
610,13,3
611,13,102
612,13,103
613,13,103
614,13,104
615,13,105
616,13,106
617,13,106
618,13,3
619,13,107
620,14,3
621,14,3
622,14,3
623,14,3
624,14,3
625,14,108
626,14,108
627,14,108
628,14,108
629,14,108
630,14,108
631,14,108
632,14,108
633,14,108
634,14,108
635,14,108
636,14,108
637,14,108
638,14,108
639,14,108
640,14,108
641,14,108
642,14,108
643,14,108
644,14,108
645,14,108
646,14,109
647,14,109
648,14,110
649,14,110
650,14,110
651,14,110
652,14,110
653,14,110
654,14,110
655,14,110
656,14,110
657,14,110
658,14,110
659,14,110
660,14,111
661,14,111
662,14,109
663,14,109
664,14,109
665,14,109
666,14,109
667,14,109
668,14,109
669,14,109
670,14,112
671,14,113
672,14,113
673,14,113
674,14,113
675,14,113
676,14,113
677,14,109
678,14,109
679,14,109
680,14,114
681,14,114
682,14,114
683,14,114
684,14,114
685,14,114
686,14,114
687,14,114
688,14,114
689,14,114
690,14,3
691,14,3
692,14,3
693,14,3
694,14,3
695,14,115
696,14,115
697,14,115
698,14,3
699,14,3
700,14,114
701,14,114
702,14,114
703,14,114
704,14,114
705,14,3
706,14,3
707,14,116
708,14,116
709,14,117
710,14,117
711,14,117
712,14,117
713,14,117
714,14,114
715,14,114
716,14,114
717,14,109
718,14,118
719,14,118
720,14,114
721,14,114
722,14,109
723,14,109
724,14,109
725,14,109
726,14,3
727,14,3
728,14,3
729,14,3
730,14,3
731,14,3
732,14,3
733,14,3
734,14,3
735,14,109
736,14,119
737,14,3
738,14,3
739,14,114
740,14,120
741,14,3
742,14,121
743,14,122
744,14,47
745,14,47
746,14,109
747,14,109
748,14,123
749,14,109
750,14,109
751,14,109
752,14,124
753,14,124
754,14,3
755,14,109
756,14,109
757,14,109
758,14,109
759,14,3
760,14,125
761,14,116
762,14,112
763,14,63
764,14,125
765,14,125
766,14,109
767,14,112
768,14,3
769,14,3
770,14,112
771,14,126
772,14,126
773,14,112
774,14,112
775,14,127
776,14,128
777,14,128
778,14,3
779,14,3
780,14,3
781,14,3
782,14,109
783,14,109
784,14,123
785,14,123
786,14,129
787,14,129
788,14,3
789,14,3
790,14,3
791,14,114
792,14,121
793,14,3
794,14,125
795,14,125
796,14,130
797,14,114
798,14,109
799,14,128
800,14,131
801,14,123
802,14,109
803,14,114
804,14,3
805,14,3
806,14,132
807,14,3
808,14,3
809,14,133
810,14,3
811,14,125
812,14,134
813,14,3
814,14,114
815,14,125
816,14,121
817,14,111
818,14,135
819,14,125
820,14,125
821,14,128
822,14,136
823,14,114
824,14,112
825,14,137
826,14,109
827,14,3
828,14,138
829,14,3
830,14,109
831,14,139
832,14,3
833,14,125
834,14,109
835,14,3
836,14,109
837,14,3
838,14,3
839,14,140
840,14,109
841,14,123
842,14,141
843,14,114
844,14,114
845,14,112
846,14,109
847,14,3
848,14,112
849,14,112
850,14,109
851,14,3
852,14,114
853,14,108
854,14,3
855,14,3
856,14,128
857,14,128
858,14,63
859,14,142
860,14,109
861,14,3
862,14,125
863,0,143
864,0,143
865,0,143
866,0,143
867,0,143
868,0,143
869,0,143
870,0,143
871,0,143
872,0,143
873,0,143
874,0,143
875,0,143
876,0,143
877,0,143
878,0,143
879,0,143
880,0,143
881,0,143
882,0,143
883,0,143
884,0,3
885,0,143
886,0,143
887,0,143
888,0,143
889,0,143
890,0,143
891,0,143
892,15,3
893,15,7
894,16,144
895,16,144
896,16,144
897,16,145
898,16,145
899,16,145
900,16,146
901,16,3
902,16,147
903,16,148
904,17,149
905,17,149
906,17,149
907,17,3
908,17,150
909,17,150
910,17,151
911,17,152
912,18,3
913,19,153
914,19,153
915,19,153
916,19,154
917,19,154
918,19,155
919,19,156
920,19,157
921,19,3
922,19,3
923,19,3
924,19,3
925,19,3
926,19,3
927,19,158
928,19,158
929,19,158
930,19,158
931,19,158
932,19,158
933,19,158
934,19,158
935,19,158
936,19,3
937,19,3
938,19,3
939,19,159
940,19,159
941,19,3
942,19,160
943,19,154
944,19,3
945,19,3
946,19,155
947,20,161
948,20,161
949,19,154
950,19,162
951,19,163
952,19,157
953,19,164
954,19,160
955,21,165
956,21,165
957,21,166
958,21,166
959,22,167
960,22,167
961,22,167
962,22,167
963,22,167
964,21,168
965,21,169
966,22,170
967,22,167
968,22,171
969,22,167
970,22,167
971,22,167
972,21,3
973,22,172
974,21,169
975,21,169
976,21,173
977,21,173
978,21,174
979,21,174
980,21,175
981,21,175
982,21,176
983,21,176
984,21,177
985,21,178
986,21,178
987,21,3
988,21,3
989,21,179
990,21,180
991,21,181
992,21,181
993,21,181
994,21,181
995,21,181
996,21,3
997,21,182
998,21,183
999,21,184
1000,21,185
1001,21,186
1002,21,181
1003,21,181
1004,21,184
1005,21,174
1006,21,3
1007,21,187
1008,21,3
1009,21,181
1010,21,188
1011,21,189
1012,21,3
1013,21,3
1014,21,190
1015,21,177
1016,21,183
1017,21,183
1018,21,185
1019,21,191
1020,21,3
1021,21,181
1022,21,192
1023,21,169
1024,21,169
1025,21,3
1026,21,193
1027,21,181
1028,21,189
1029,21,3
1030,23,194
1031,23,194
1032,23,194
1033,23,194
1034,24,195
1035,25,196
1036,26,3
1037,26,3
1038,26,3
1039,26,3
1040,26,3
1041,26,3
1042,27,2
1043,26,197
1044,26,197
1045,26,198
1046,26,199
1047,26,3
1048,26,200
1049,5,201
1050,5,201
1051,5,201
1052,5,201
1053,5,201
1054,5,201
1055,5,3
1056,5,3
1057,5,3
1058,5,3
1059,5,3
1060,5,3
1061,5,3
1062,5,3
1063,5,3
1064,5,3
1065,5,3
1066,5,3
1067,5,3
1068,5,3
1069,5,3
1070,5,3
1071,5,3
1072,5,3
1073,5,3
1074,5,3
1075,5,3
1076,5,3
1077,5,3
1078,5,3
1079,5,3
1080,5,3
1081,5,202
1082,5,202
1083,5,202
1084,5,202
1085,5,3
1086,5,3
1087,5,3
1088,20,203
1089,20,203
1090,20,203
1091,20,203
1092,5,204
1093,5,204
1094,5,204
1095,5,205
1096,5,205
1097,5,205
1098,5,206
1099,5,206
1100,5,206
1101,5,206
1102,5,206
1103,5,206
1104,5,207
1105,5,207
1106,5,208
1107,5,201
1108,5,201
1109,5,201
1110,5,201
1111,5,201
1112,5,201
1113,5,201
1114,5,201
1115,5,201
1116,5,201
1117,5,201
1118,5,201
1119,5,201
1120,5,201
1121,5,3
1122,5,3
1123,5,3
1124,5,3
1125,5,3
1126,5,3
1127,5,3
1128,5,3
1129,5,3
1130,5,3
1131,5,3
1132,5,209
1133,5,209
1134,5,209
1135,5,209
1136,5,209
1137,5,3
1138,5,201
1139,5,201
1140,5,201
1141,5,210
1142,5,210
1143,5,210
1144,5,49
1145,5,49
1146,5,49
1147,5,49
1148,5,207
1149,5,207
1150,5,201
1151,5,201
1152,5,201
1153,5,201
1154,5,207
1155,5,207
1156,5,207
1157,5,207
1158,5,207
1159,5,207
1160,5,207
1161,5,207
1162,5,211
1163,5,208
1164,5,208
1165,5,212
1166,5,212
1167,5,212
1168,5,212
1169,5,212
1170,5,3
1171,5,49
1172,5,49
1173,5,49
1174,5,211
1175,5,213
1176,5,213
1177,5,214
1178,5,201
1179,5,52
1180,5,52
1181,5,52
1182,5,52
1183,5,215
1184,5,215
1185,5,211
1186,5,216
1187,5,217
1188,5,216
1189,5,3
1190,5,218
1191,5,216
1192,5,3
1193,5,219
1194,5,220
1195,5,3
1196,5,3
1197,5,221
1198,5,3
1199,5,222
1200,5,216
1201,5,216
1202,5,223
1203,5,224
1204,5,209
1205,5,49
1206,5,3
1207,5,3
1208,5,210
1209,5,211
1210,5,3
1211,5,209
1212,5,216
1213,5,3
1214,5,216
1215,5,3
1216,5,215
1217,5,225
1218,5,3
1219,5,212
1220,5,226
1221,5,3
1222,3,227
1223,3,227
1224,3,227
1225,3,227
1226,3,227
1227,3,227
1228,3,227
1229,3,227
1230,3,227
1231,3,227
1232,3,227
1233,3,227
1234,3,227
1235,3,227
1236,3,227
1237,3,227
1238,3,227
1239,3,52
1240,3,52
1241,3,52
1242,3,3
1243,3,3
1244,3,228
1245,3,228
1246,3,228
1247,3,228
1248,3,227
1249,3,227
1250,3,229
1251,3,229
1252,3,229
1253,3,227
1254,0,230
1255,0,3
1256,3,227
1257,3,227
1258,3,227
1259,3,231
1260,3,231
1261,3,231
1262,3,3
1263,3,3
1264,3,232
1265,3,232
1266,3,233
1267,3,233
1268,20,234
1269,20,234
1270,20,234
1271,3,3
1272,3,3
1273,3,3
1274,3,233
1275,3,233
1276,3,233
1277,3,233
1278,3,233
1279,3,233
1280,3,233
1281,3,233
1282,3,233
1283,3,233
1284,3,233
1285,3,233
1286,3,233
1287,3,233
1288,3,233
1289,3,233
1290,3,233
1291,3,233
1292,3,233
1293,3,233
1294,3,233
1295,3,233
1296,3,233
1297,3,233
1298,3,233
1299,3,233
1300,3,235
1301,3,235
1302,3,235
1303,3,235
1304,3,235
1305,3,235
1306,3,235
1307,3,236
1308,3,237
1309,3,227
1310,3,227
1311,3,227
1312,3,227
1313,3,227
1314,3,238
1315,3,238
1316,3,237
1317,3,237
1318,3,239
1319,3,168
1320,3,3
1321,3,3
1322,3,3
1323,3,3
1324,3,3
1325,3,237
1326,3,227
1327,3,227
1328,3,227
1329,3,240
1330,3,240
1331,3,240
1332,3,240
1333,3,227
1334,3,227
1335,3,237
1336,3,237
1337,3,237
1338,0,3
1339,3,241
1340,3,241
1341,3,241
1342,3,241
1343,3,242
1344,3,242
1345,3,243
1346,3,243
1347,3,243
1348,3,244
1349,3,244
1350,3,244
1351,3,3
1352,3,245
1353,3,245
1354,3,245
1355,3,245
1356,3,231
1357,3,246
1358,3,246
1359,3,246
1360,3,3
1361,3,247
1362,3,247
1363,3,243
1364,3,243
1365,3,248
1366,3,248
1367,3,248
1368,3,248
1369,3,3
1370,3,3
1371,3,243
1372,3,243
1373,3,243
1374,3,243
1375,3,119
1376,3,119
1377,3,247
1378,3,247
1379,3,227
1380,3,233
1381,3,233
1382,3,249
1383,3,249
1384,3,249
1385,3,250
1386,3,250
1387,3,250
1388,3,246
1389,3,246
1390,3,231
1391,3,231
1392,3,3
1393,3,3
1394,3,3
1395,3,3
1396,3,3
1397,3,3
1398,3,227
1399,3,3
1400,3,3
1401,3,227
1402,3,227
1403,3,251
1404,20,252
1405,20,252
1406,20,252
1407,20,252
1408,20,252
1409,20,252
1410,20,253
1411,20,253
1412,20,252
1413,20,252
1414,20,252
1415,20,252
1416,3,3
1417,3,235
1418,3,254
1419,3,254
1420,3,3
1421,3,3
1422,3,3
1423,3,3
1424,3,243
1425,3,250
1426,3,250
1427,3,243
1428,3,250
1429,3,255
1430,3,256
1431,3,256
1432,3,235
1433,3,235
1434,3,257
1435,3,257
1436,3,258
1437,3,227
1438,3,227
1439,3,227
1440,3,259
1441,3,259
1442,3,227
1443,3,227
1444,3,233
1445,3,233
1446,3,235
1447,3,233
1448,3,260
1449,3,227
1450,3,261
1451,3,233
1452,3,3
1453,3,262
1454,3,263
1455,3,264
1456,3,0
1457,3,52
1458,3,3
1459,3,3
1460,3,3
1461,3,3
1462,3,254
1463,3,265
1464,3,227
1465,3,233
1466,3,260
1467,3,266
1468,3,261
1469,3,231
1470,3,234
1471,3,144
1472,3,267
1473,3,119
1474,3,119
1475,3,144
1476,3,119
1477,3,233
1478,3,249
1479,3,268
1480,3,243
1481,3,3
1482,3,3
1483,3,3
1484,3,269
1485,3,3
1486,3,233
1487,3,249
1488,3,249
1489,3,3
1490,3,242
1491,3,3
1492,3,231
1493,3,234
1494,3,40
1495,3,270
1496,3,144
1497,3,233
1498,3,3
1499,28,271
1500,28,271
1501,28,3
1502,28,272
1503,28,3
1504,28,273
1505,28,272
1506,29,3
1507,29,274
1508,30,275
1509,30,3
1510,30,276
1511,30,277
1512,31,278
1513,31,278
1514,31,278
1515,31,279
1516,31,280
1517,31,280
1518,31,280
1519,31,281
1520,31,281
1521,31,282
1522,31,282
1523,31,283
1524,31,284
1525,31,281
1526,31,285
1527,31,286
1528,31,287
1529,22,288
1530,22,288
1531,22,289
1532,22,290
1533,22,290
1534,22,167
1535,32,291
1536,32,291
1537,32,291
1538,32,291
1539,32,291
1540,32,291
1541,32,291
1542,32,291
1543,32,291
1544,32,291
1545,32,291
1546,32,291
1547,32,292
1548,32,292
1549,32,292
1550,32,292
1551,32,292
1552,32,292
1553,32,292
1554,32,292
1555,32,293
1556,32,291
1557,32,294
1558,32,3
1559,32,295
1560,32,119
1561,32,3
1562,32,296
1563,32,3
1564,32,297
1565,32,295
1566,33,298
1567,33,298
1568,33,298
1569,33,299
1570,33,299
1571,33,299
1572,33,300
1573,33,300
1574,33,301
1575,33,298
1576,33,298
1577,33,298
1578,33,298
1579,33,302
1580,33,303
1581,33,304
1582,33,305
1583,33,306
1584,33,302
1585,33,47
1586,33,306
1587,33,3
1588,34,307
1589,34,307
1590,34,307
1591,20,308
1592,20,309
1593,34,310
1594,34,310
1595,34,311
1596,34,3
1597,35,3
1598,35,3
1599,35,3
1600,35,312
1601,35,312
1602,35,312
1603,35,312
1604,35,313
1605,35,313
1606,35,313
1607,35,313
1608,35,313
1609,35,313
1610,35,313
1611,35,313
1612,35,314
1613,35,315
1614,35,315
1615,35,316
1616,35,313
1617,35,313
1618,35,315
1619,35,315
1620,35,317
1621,35,317
1622,35,318
1623,35,318
1624,35,3
1625,35,313
1626,35,3
1627,35,317
1628,35,319
1629,35,313
1630,35,316
1631,35,313
1632,35,319
1633,35,320
1634,35,317
1635,35,3
1636,36,3
1637,36,3
1638,36,3
1639,36,3
1640,36,3
1641,36,3
1642,36,3
1643,36,3
1644,36,3
1645,36,3
1646,36,3
1647,36,3
1648,36,3
1649,36,3
1650,36,3
1651,36,3
1652,36,3
1653,36,3
1654,36,3
1655,36,3
1656,36,3
1657,36,3
1658,36,3
1659,36,3
1660,36,3
1661,36,3
1662,36,3
1663,36,3
1664,36,3
1665,36,3
1666,36,3
1667,36,3
1668,36,3
1669,36,3
1670,36,3
1671,36,3
1672,36,3
1673,36,3
1674,36,3
1675,36,3
1676,36,3
1677,36,3
1678,36,3
1679,36,3
1680,36,3
1681,36,3
1682,36,3
1683,36,3
1684,36,3
1685,36,3
1686,36,3
1687,36,3
1688,36,3
1689,36,3
1690,36,3
1691,36,3
1692,36,3
1693,36,3
1694,36,3
1695,36,3
1696,36,3
1697,36,3
1698,36,3
1699,36,3
1700,36,321
1701,36,321
1702,36,321
1703,36,321
1704,36,321
1705,36,321
1706,36,321
1707,36,321
1708,36,321
1709,36,321
1710,36,321
1711,36,321
1712,36,321
1713,36,321
1714,36,321
1715,36,321
1716,36,3
1717,36,3
1718,36,3
1719,36,3
1720,36,3
1721,36,3
1722,36,3
1723,36,3
1724,36,3
1725,36,3
1726,36,3
1727,36,3
1728,36,3
1729,36,3
1730,36,3
1731,36,3
1732,36,3
1733,36,3
1734,36,3
1735,36,3
1736,36,3
1737,36,3
1738,36,3
1739,36,3
1740,36,3
1741,36,3
1742,36,3
1743,36,3
1744,36,3
1745,36,3
1746,36,3
1747,36,3
1748,36,3
1749,36,322
1750,36,322
1751,36,322
1752,36,3
1753,36,3
1754,36,3
1755,36,3
1756,36,3
1757,36,253
1758,36,253
1759,36,253
1760,36,253
1761,36,253
1762,36,253
1763,36,3
1764,36,323
1765,36,323
1766,36,323
1767,36,323
1768,36,323
1769,36,253
1770,36,253
1771,36,253
1772,36,253
1773,36,253
1774,36,324
1775,36,324
1776,36,321
1777,36,321
1778,36,3
1779,36,3
1780,36,3
1781,36,3
1782,36,3
1783,36,325
1784,36,325
1785,36,325
1786,36,325
1787,36,3
1788,36,321
1789,36,321
1790,36,3
1791,36,321
1792,36,326
1793,36,326
1794,36,326
1795,36,253
1796,36,253
1797,36,3
1798,36,3
1799,36,253
1800,36,327
1801,36,328
1802,36,328
1803,36,3
1804,36,3
1805,36,3
1806,36,253
1807,36,253
1808,36,3
1809,36,3
1810,36,253
1811,36,253
1812,36,253
1813,36,329
1814,36,330
1815,36,331
1816,36,253
1817,36,232
1818,36,253
1819,36,3
1820,36,3
1821,36,321
1822,36,332
1823,36,3
1824,36,52
1825,36,333
1826,36,3
1827,36,3
1828,36,232
1829,36,253
1830,36,329
1831,36,321
1832,36,253
1833,36,334
1834,36,253
1835,36,253
1836,36,253
1837,36,3
1838,36,335
1839,36,253
1840,36,52
1841,36,3
1842,36,3
1843,37,3
1844,37,3
1845,37,3
1846,37,3
1847,37,3
1848,37,3
1849,37,3
1850,37,3
1851,37,3
1852,37,3
1853,37,3
1854,37,3
1855,37,3
1856,37,3
1857,37,336
1858,37,336
1859,37,336
1860,37,336
1861,37,337
1862,37,337
1863,37,337
1864,37,337
1865,37,338
1866,37,338
1867,37,338
1868,37,338
1869,37,339
1870,37,339
1871,37,339
1872,37,339
1873,37,339
1874,37,3
1875,37,3
1876,37,3
1877,37,340
1878,37,341
1879,37,341
1880,37,3
1881,37,3
1882,37,3
1883,37,3
1884,37,3
1885,37,342
1886,37,3
1887,37,3
1888,37,343
1889,37,344
1890,37,345
1891,37,337
1892,37,3
1893,37,344
1894,38,346
1895,39,347
1896,40,348
1897,41,349
1898,41,349
1899,21,350
1900,42,351
1901,42,351
1902,42,352
1903,42,353
1904,43,354
1905,43,354
1906,43,354
1907,43,354
1908,43,3
1909,43,3
1910,43,3
1911,43,3
1912,43,3
1913,43,3
1914,43,3
1915,43,3
1916,43,355
1917,43,356
1918,43,357
1919,43,357
1920,43,357
1921,43,358
1922,43,359
1923,43,3
1924,43,3
1925,44,3
1926,44,3
1927,44,3
1928,44,3
1929,44,3
1930,44,45
1931,44,45
1932,44,360
1933,44,360
1934,44,360
1935,44,360
1936,44,360
1937,44,360
1938,44,360
1939,44,360
1940,44,360
1941,44,360
1942,44,360
1943,44,360
1944,44,360
1945,44,3
1946,44,3
1947,44,3
1948,44,361
1949,44,361
1950,44,361
1951,44,361
1952,44,361
1953,44,49
1954,44,49
1955,44,49
1956,44,3
1957,44,3
1958,44,3
1959,44,362
1960,44,362
1961,44,363
1962,44,363
1963,44,364
1964,44,365
1965,44,365
1966,44,365
1967,44,365
1968,44,365
1969,44,366
1970,44,3
1971,44,3
1972,44,3
1973,44,364
1974,44,367
1975,44,367
1976,44,367
1977,44,367
1978,44,367
1979,44,367
1980,44,368
1981,44,368
1982,44,369
1983,44,369
1984,44,369
1985,44,370
1986,44,364
1987,44,364
1988,44,364
1989,44,371
1990,44,367
1991,44,367
1992,44,371
1993,44,371
1994,44,372
1995,44,372
1996,0,2
1997,0,2
1998,44,3
1999,44,373
2000,44,373
2001,44,374
2002,44,374
2003,44,370
2004,44,3
2005,44,375
2006,44,3
2007,44,366
2008,44,3
2009,44,376
2010,44,377
2011,44,3
2012,44,208
2013,44,364
2014,44,364
2015,44,363
2016,44,378
2017,44,379
2018,44,380
2019,44,373
2020,44,3
2021,44,373
2022,44,364
2023,44,364
2024,44,45
2025,44,3
2026,44,374
2027,44,377
2028,44,381
2029,44,363
2030,44,382
2031,45,383
2032,45,383
2033,45,383
2034,45,3
2035,45,3
2036,45,3
2037,45,3
2038,45,3
2039,45,3
2040,45,384
2041,45,384
2042,45,384
2043,45,384
2044,45,384
2045,45,384
2046,45,384
2047,45,384
2048,45,384
2049,45,385
2050,0,386
2051,0,386
2052,0,386
2053,45,387
2054,45,387
2055,45,388
2056,45,389
2057,45,390
2058,45,3
2059,45,3
2060,45,391
2061,45,392
2062,45,11
2063,45,3
2064,45,392
2065,46,181
2066,46,181
2067,46,181
2068,46,181
2069,46,393
2070,46,393
2071,46,394
2072,46,394
2073,46,394
2074,46,395
2075,46,395
2076,0,269
2077,0,269
2078,0,269
2079,0,269
2080,0,269
2081,46,396
2082,46,396
2083,46,396
2084,46,396
2085,46,396
2086,46,397
2087,46,398
2088,46,398
2089,46,398
2090,46,396
2091,46,399
2092,46,399
2093,46,395
2094,46,395
2095,46,400
2096,46,400
2097,46,401
2098,46,402
2099,46,402
2100,46,395
2101,46,395
2102,46,181
2103,46,3
2104,46,403
2105,46,232
2106,46,404
2107,46,405
2108,46,406
2109,46,407
2110,46,3
2111,46,408
2112,46,409
2113,46,410
2114,46,411
2115,46,395
2116,46,412
2117,46,181
2118,46,411
2119,46,3
2120,46,399
2121,46,411
2122,46,411
2123,47,413
2124,47,413
2125,47,413
2126,48,414
2127,48,415
2128,48,415
2129,49,416
2130,49,416
2131,49,416
2132,49,416
2133,49,416
2134,49,416
2135,49,416
2136,49,416
2137,49,416
2138,49,416
2139,49,416
2140,49,416
2141,49,416
2142,49,416
2143,49,416
2144,49,416
2145,49,416
2146,49,416
2147,49,416
2148,49,416
2149,49,416
2150,49,416
2151,49,416
2152,49,416
2153,49,416
2154,49,416
2155,49,416
2156,49,416
2157,49,416
2158,49,416
2159,49,3
2160,49,3
2161,49,3
2162,49,3
2163,49,3
2164,49,3
2165,50,6
2166,50,6
2167,50,6
2168,50,417
2169,50,417
2170,50,417
2171,50,418
2172,50,418
2173,50,418
2174,50,418
2175,50,418
2176,50,418
2177,50,418
2178,50,418
2179,50,418
2180,50,418
2181,0,2
2182,0,2
2183,50,3
2184,50,419
2185,50,420
2186,50,421
2187,50,422
2188,50,423
2189,50,250
2190,51,3
2191,51,3
2192,51,3
2193,51,424
2194,51,425
2195,51,425
2196,51,425
2197,51,424
2198,51,424
2199,51,424
2200,51,424
2201,51,3
2202,51,3
2203,51,3
2204,51,426
2205,51,427
2206,51,226
2207,51,3
2208,51,426
2209,51,425
2210,51,232
2211,51,428
2212,52,429
2213,52,429
2214,52,429
2215,53,430
2216,53,430
2217,53,430
2218,53,431
2219,53,431
2220,53,431
2221,53,431
2222,53,431
2223,53,431
2224,53,431
2225,53,430
2226,53,432
2227,53,432
2228,53,432
2229,53,433
2230,53,433
2231,53,433
2232,53,434
2233,53,434
2234,53,432
2235,53,434
2236,53,434
2237,53,432
2238,53,432
2239,53,435
2240,53,432
2241,53,432
2242,53,433
2243,2,433
2244,53,432
2245,53,430
2246,53,69
2247,53,3
2248,53,3
2249,53,433
2250,54,436
2251,54,436
2252,54,436
2253,0,437
2254,0,437
2255,54,3
2256,54,438
2257,54,3
2258,54,438
2259,55,3
2260,55,439
2261,55,439
2262,55,439
2263,55,439
2264,55,440
2265,55,440
2266,55,440
2267,55,440
2268,55,440
2269,55,162
2270,55,162
2271,55,441
2272,55,441
2273,55,441
2274,55,442
2275,55,443
2276,55,443
2277,55,444
2278,55,444
2279,55,445
2280,55,445
2281,55,446
2282,55,446
2283,55,447
2284,55,162
2285,55,448
2286,55,449
2287,55,3
2288,55,450
2289,55,119
2290,55,3
2291,55,444
2292,55,162
2293,55,443
2294,55,451
2295,55,450
2296,55,452
2297,55,3
2298,55,447
2299,55,453
2300,55,451
2301,55,454
2302,55,455
2303,55,447
2304,56,456
2305,56,456
2306,56,456
2307,56,457
2308,56,458
2309,57,3
2310,57,459
2311,57,460
2312,57,3
2313,57,3
2314,57,461
2315,57,3
2316,58,320
2317,58,320
2318,58,3
2319,58,3
2320,58,3
2321,58,462
2322,58,462
2323,58,463
2324,58,463
2325,58,464
2326,58,465
2327,58,464
2328,58,464
2329,58,464
2330,58,3
2331,59,3
2332,60,466
2333,60,466
2334,60,466
2335,60,466
2336,60,466
2337,60,466
2338,60,466
2339,60,3
2340,60,3
2341,60,3
2342,60,466
2343,60,467
2344,60,467
2345,60,468
2346,60,466
2347,60,469
2348,60,470
2349,60,468
2350,60,3
2351,61,471
2352,61,471
2353,61,471
2354,61,472
2355,61,3
2356,0,3
2357,61,473
2358,61,3
2359,61,3
2360,61,3
2361,61,474
2362,61,475
2363,61,476
2364,61,472
2365,61,472
2366,62,477
2367,62,477
2368,62,478
2369,62,478
2370,62,478
2371,62,478
2372,62,478
2373,62,478
2374,62,478
2375,62,478
2376,62,478
2377,62,478
2378,62,478
2379,62,478
2380,62,478
2381,62,478
2382,62,478
2383,62,478
2384,62,478
2385,62,478
2386,62,478
2387,62,478
2388,62,478
2389,62,478
2390,62,478
2391,62,478
2392,62,49
2393,62,49
2394,62,49
2395,62,49
2396,62,477
2397,62,477
2398,62,477
2399,62,3
2400,62,3
2401,62,3
2402,62,3
2403,62,3
2404,62,3
2405,62,3
2406,62,3
2407,62,3
2408,62,3
2409,62,3
2410,62,3
2411,62,3
2412,62,3
2413,62,3
2414,62,233
2415,62,233
2416,62,233
2417,62,52
2418,62,477
2419,62,477
2420,62,477
2421,62,477
2422,62,477
2423,62,52
2424,62,52
2425,62,479
2426,62,480
2427,62,481
2428,62,482
2429,62,483
2430,62,484
2431,62,485
2432,62,480
2433,62,486
2434,62,3
2435,62,477
2436,62,3
2437,62,487
2438,62,488
2439,62,3
2440,62,480
2441,62,489
2442,62,490
2443,62,3
2444,62,3
2445,62,491
2446,62,491
2447,62,241
2448,0,492
2449,62,3
2450,62,52
2451,62,96
2452,62,3
2453,63,3
2454,63,3
2455,63,3
2456,63,3
2457,63,265
2458,63,265
2459,63,265
2460,63,232
2461,63,232
2462,63,232
2463,63,493
2464,63,493
2465,63,493
2466,63,493
2467,63,494
2468,63,494
2469,63,494
2470,63,181
2471,63,181
2472,63,181
2473,63,181
2474,63,181
2475,63,181
2476,63,181
2477,63,181
2478,63,181
2479,63,181
2480,63,181
2481,63,181
2482,63,181
2483,63,181
2484,63,181
2485,63,181
2486,63,181
2487,63,181
2488,63,181
2489,63,495
2490,63,495
2491,63,495
2492,63,3
2493,63,3
2494,63,3
2495,63,3
2496,63,3
2497,63,3
2498,63,3
2499,63,493
2500,63,3
2501,63,3
2502,0,3
2503,63,496
2504,63,496
2505,63,497
2506,63,498
2507,63,498
2508,63,499
2509,63,499
2510,63,493
2511,63,500
2512,63,493
2513,63,181
2514,63,501
2515,63,502
2516,63,499
2517,63,3
2518,63,503
2519,63,504
2520,63,406
2521,63,505
2522,63,498
2523,63,498
2524,63,506
2525,63,498
2526,63,495
2527,63,498
2528,63,507
2529,63,508
2530,63,495
2531,63,3
2532,63,3
2533,63,501
2534,63,509
2535,27,3
2536,27,3
2537,27,3
2538,27,510
2539,27,510
2540,27,510
2541,27,511
2542,27,511
2543,27,512
2544,27,512
2545,27,512
2546,27,512
2547,27,3
2548,27,244
2549,27,244
2550,27,244
2551,27,3
2552,27,3
2553,27,3
2554,27,513
2555,27,513
2556,27,513
2557,27,514
2558,27,514
2559,27,514
2560,27,514
2561,27,514
2562,27,514
2563,27,3
2564,27,3
2565,27,515
2566,27,515
2567,27,515
2568,27,516
2569,27,3
2570,27,517
2571,27,518
2572,27,518
2573,27,518
2574,27,516
2575,27,519
2576,27,3
2577,27,520
2578,27,521
2579,64,3
2580,64,3
2581,64,3
2582,64,3
2583,64,3
2584,64,3
2585,64,522
2586,64,3
2587,64,3
2588,64,3
2589,64,3
2590,64,3
2591,64,3
2592,64,3
2593,64,3
2594,20,3
2595,64,3
2596,64,523
2597,64,3
2598,64,3
2599,64,524
2600,64,3
2601,64,3
2602,64,3
2603,65,525
2604,65,525
2605,65,525
2606,65,525
2607,65,3
2608,65,526
2609,65,526
2610,65,3
2611,65,526
2612,65,526
2613,65,3
2614,65,3
2615,65,3
2616,65,3
2617,65,3
2618,65,527
2619,65,527
2620,65,527
2621,65,528
2622,65,528
2623,65,529
2624,65,528
2625,65,530
2626,65,531
2627,66,532
2628,66,3
2629,67,3
2630,67,3
2631,67,3
2632,67,3
2633,67,3
2634,67,3
2635,67,3
2636,67,3
2637,67,3
2638,67,3
2639,67,3
2640,67,3
2641,67,3
2642,67,3
2643,67,533
2644,67,534
2645,67,535
2646,67,535
2647,67,535
2648,67,536
2649,67,536
2650,67,537
2651,67,3
2652,67,3
2653,67,3
2654,67,3
2655,67,536
2656,67,538
2657,67,536
2658,67,3
2659,67,539
2660,67,537
2661,67,540
2662,67,539
2663,67,541
2664,67,3
2665,67,380
2666,68,542
2667,68,542
2668,68,542
2669,68,542
2670,68,542
2671,68,542
2672,68,543
2673,68,544
2674,69,545
2675,69,545
2676,69,545
2677,69,545
2678,69,545
2679,69,545
2680,69,3
2681,69,3
2682,69,3
2683,69,3
2684,69,3
2685,69,545
2686,20,546
2687,20,546
2688,20,546
2689,20,546
2690,20,546
2691,20,546
2692,20,546
2693,20,546
2694,20,546
2695,20,546
2696,20,546
2697,20,546
2698,20,546
2699,20,546
2700,20,546
2701,20,546
2702,20,546
2703,20,546
2704,20,546
2705,20,546
2706,20,546
2707,20,546
2708,20,546
2709,20,546
2710,20,546
2711,20,546
2712,20,546
2713,20,546
2714,20,546
2715,20,546
2716,20,546
2717,20,546
2718,20,546
2719,20,546
2720,20,546
2721,20,546
2722,20,546
2723,20,546
2724,20,546
2725,20,546
2726,20,546
2727,20,546
2728,20,546
2729,20,546
2730,20,546
2731,20,546
2732,20,546
2733,20,546
2734,20,546
2735,20,546
2736,20,546
2737,20,546
2738,20,546
2739,20,546
2740,20,546
2741,20,546
2742,20,546
2743,20,546
2744,20,546
2745,20,546
2746,20,546
2747,20,546
2748,20,546
2749,20,546
2750,20,546
2751,20,546
2752,20,546
2753,20,546
2754,20,546
2755,20,546
2756,20,546
2757,20,546
2758,20,546
2759,20,546
2760,20,546
2761,20,546
2762,20,546
2763,20,546
2764,20,546
2765,20,546
2766,20,546
2767,20,546
2768,20,546
2769,20,546
2770,20,546
2771,20,546
2772,20,546
2773,20,546
2774,20,546
2775,20,546
2776,20,546
2777,20,546
2778,20,546
2779,20,546
2780,20,546
2781,20,546
2782,20,546
2783,20,546
2784,20,546
2785,20,546
2786,20,546
2787,20,546
2788,20,546
2789,20,546
2790,20,546
2791,20,546
2792,20,546
2793,20,546
2794,20,546
2795,20,546
2796,20,546
2797,20,546
2798,20,546
2799,20,546
2800,20,546
2801,20,546
2802,20,546
2803,20,546
2804,20,546
2805,20,546
2806,20,546
2807,20,546
2808,20,546
2809,20,546
2810,20,546
2811,20,546
2812,20,546
2813,20,546
2814,20,546
2815,20,546
2816,20,546
2817,20,546
2818,20,546
2819,20,546
2820,20,546
2821,20,546
2822,20,546
2823,20,546
2824,20,546
2825,20,546
2826,20,546
2827,20,546
2828,20,546
2829,20,546
2830,20,546
2831,20,546
2832,20,546
2833,20,546
2834,20,546
2835,20,546
2836,20,546
2837,20,546
2838,20,546
2839,20,546
2840,20,546
2841,20,546
2842,20,546
2843,20,546
2844,20,546
2845,20,546
2846,20,546
2847,20,546
2848,20,546
2849,20,546
2850,20,546
2851,20,546
2852,20,546
2853,20,546
2854,20,546
2855,20,546
2856,20,546
2857,20,546
2858,20,546
2859,20,546
2860,20,546
2861,20,546
2862,20,546
2863,20,546
2864,20,546
2865,20,546
2866,20,546
2867,20,546
2868,20,546
2869,20,546
2870,20,546
2871,20,546
2872,20,546
2873,20,546
2874,20,546
2875,20,546
2876,20,3
2877,20,3
2878,20,3
2879,20,3
2880,20,3
2881,20,3
2882,20,3
2883,20,546
2884,20,546
2885,20,546
2886,20,546
2887,20,546
2888,20,546
2889,20,546
2890,20,546
2891,20,546
2892,20,546
2893,20,3
2894,20,546
2895,20,546
2896,20,546
2897,20,546
2898,20,546
2899,20,546
2900,20,546
2901,20,546
2902,20,546
2903,20,546
2904,20,546
2905,20,546
2906,20,546
2907,20,3
2908,20,546
2909,20,546
2910,20,3
2911,20,547
2912,20,547
2913,20,3
2914,20,3
2915,20,3
2916,20,69
2917,20,69
2918,20,69
2919,20,546
2920,20,546
2921,20,546
2922,20,305
2923,20,305
2924,20,305
2925,20,508
2926,20,508
2927,20,3
2928,20,3
2929,20,3
2930,20,3
2931,20,546
2932,20,3
2933,20,3
2934,20,3
2935,20,3
2936,20,3
2937,20,3
2938,20,3
2939,20,3
2940,20,3
2941,20,3
2942,20,548
2943,20,548
2944,20,548
2945,20,548
2946,20,546
2947,20,3
2948,20,3
2949,20,3
2950,20,232
2951,20,546
2952,20,546
2953,20,546
2954,20,546
2955,20,546
2956,20,549
2957,20,549
2958,20,550
2959,20,3
2960,20,550
2961,20,550
2962,20,550
2963,20,550
2964,20,3
2965,20,3
2966,20,550
2967,20,550
2968,20,3
2969,20,3
2970,20,3
2971,20,551
2972,20,551
2973,0,6
2974,0,6
2975,20,3
2976,20,3
2977,20,3
2978,20,3
2979,20,509
2980,20,509
2981,20,546
2982,20,546
2983,20,546
2984,20,546
2985,20,546
2986,20,546
2987,20,546
2988,20,546
2989,20,546
2990,20,552
2991,20,552
2992,20,552
2993,20,552
2994,20,546
2995,20,546
2996,20,546
2997,20,3
2998,20,3
2999,20,3
3000,20,3
3001,20,3
3002,20,553
3003,20,553
3004,20,553
3005,20,204
3006,20,204
3007,20,226
3008,20,554
3009,20,554
3010,20,555
3011,20,508
3012,20,508
3013,20,546
3014,20,546
3015,20,546
3016,20,556
3017,20,556
3018,20,557
3019,20,557
3020,20,557
3021,20,548
3022,20,548
3023,20,558
3024,20,3
3025,20,3
3026,20,559
3027,20,560
3028,20,561
3029,20,69
3030,20,69
3031,20,562
3032,20,2
3033,20,2
3034,20,553
3035,20,553
3036,20,3
3037,20,563
3038,20,226
3039,20,226
3040,20,473
3041,20,473
3042,20,557
3043,20,557
3044,33,3
3045,20,223
3046,20,558
3047,20,564
3048,20,204
3049,20,204
3050,20,208
3051,20,3
3052,20,3
3053,20,565
3054,20,3
3055,20,566
3056,20,566
3057,20,567
3058,20,3
3059,20,216
3060,20,568
3061,20,551
3062,20,569
3063,20,570
3064,5,571
3065,20,3
3066,20,556
3067,20,572
3068,20,573
3069,20,574
3070,20,575
3071,20,576
3072,20,229
3073,20,473
3074,20,3
3075,20,577
3076,20,3
3077,20,551
3078,20,551
3079,20,578
3080,20,233
3081,20,3
3082,20,546
3083,20,320
3084,0,492
3085,20,579
3086,20,3
3087,20,3
3088,20,580
3089,20,575
3090,20,581
3091,20,0
3092,20,204
3093,20,582
3094,20,583
3095,20,549
3096,20,558
3097,20,3
3098,20,168
3099,20,575
3100,20,3
3101,20,584
3102,20,559
3103,20,569
3104,20,585
3105,20,553
3106,20,558
3107,20,556
3108,20,3
3109,20,586
3110,20,569
3111,20,572
3112,20,161
3113,20,578
3114,20,587
3115,20,3
3116,20,551
3117,20,578
3118,20,3
3119,20,3
3120,20,3
3121,20,569
3122,0,588
3123,0,588
3124,20,546
3125,0,3
3126,20,581
3127,20,546
3128,20,3
3129,20,589
3130,20,590
3131,20,3
3132,20,204
3133,20,3
3134,20,591
3135,20,569
3136,20,3
3137,50,592
3138,20,3
3139,20,3
3140,20,546
3141,20,508
3142,20,559
3143,0,593
3144,0,594
3145,0,593
3146,0,594
3147,0,593
3148,0,594
3149,0,593
3150,0,594
3151,0,593
3152,0,594
3153,0,593
3154,0,594
3155,0,593
3156,0,594
3157,0,593
3158,0,594
3159,0,593
3160,0,594
3161,0,593
3162,0,594
3163,0,593
3164,0,594
3165,0,593
3166,0,594
3167,0,593
3168,0,594
3169,0,593
3170,0,594
3171,0,593
3172,0,594
3173,0,593
3174,0,594
3175,0,593
3176,0,594
3177,0,593
3178,0,594
3179,0,593
3180,0,594
3181,0,593
3182,0,594
3183,0,593
3184,0,594
3185,0,593
3186,0,594
3187,0,593
3188,0,594
3189,0,593
3190,0,594
3191,0,593
3192,0,594
3193,0,593
3194,0,594
3195,0,593
3196,0,594
3197,0,593
3198,0,594
3199,0,593
3200,0,594
3201,0,593
3202,0,594
3203,0,593
3204,0,594
3205,0,593
3206,0,594
3207,0,593
3208,0,594
3209,0,593
3210,0,594
3211,0,593
3212,0,594
3213,0,593
3214,0,594
3215,0,593
3216,0,594
3217,0,593
3218,0,594
3219,0,593
3220,0,594
3221,0,593
3222,0,594
3223,0,593
3224,0,594
3225,0,593
3226,0,594
3227,0,593
3228,0,594
3229,0,593
3230,0,594
3231,0,593
3232,0,594
3233,0,593
3234,0,594
3235,0,593
3236,0,594
3237,0,593
3238,0,594
3239,0,593
3240,0,594
3241,0,593
3242,0,594
3243,0,595
3244,0,595
3245,0,595
3246,0,595
3247,0,595
3248,0,595
3249,0,596
3250,0,597
3251,0,597
3252,0,597
3253,0,597
3254,0,597
3255,0,597
3256,0,597
3257,0,597
3258,0,597
3259,0,597
3260,0,63
3261,0,63
3262,0,63
3263,0,63
3264,0,63
3265,0,63
3266,0,63
3267,0,63
3268,0,63
3269,0,63
3270,0,63
3271,0,63
3272,0,63
3273,0,63
3274,0,63
3275,0,63
3276,0,63
3277,0,63
3278,0,63
3279,0,63
3280,0,63
3281,0,63
3282,0,63
3283,0,63
3284,0,63
3285,0,63
3286,0,63
3287,0,63
3288,0,63
3289,0,63
3290,0,63
3291,0,63
3292,0,63
3293,0,63
3294,0,63
3295,0,63
3296,0,63
3297,0,63
3298,0,63
3299,0,63
3300,0,63
3301,0,63
3302,0,63
3303,0,63
3304,0,3
3305,0,63
3306,0,63
3307,0,63
3308,0,63
3309,0,598
3310,0,598
3311,0,598
3312,0,598
3313,0,598
3314,0,598
3315,0,598
3316,0,598
3317,0,598
3318,0,598
3319,0,598
3320,0,598
3321,0,598
3322,0,598
3323,0,598
3324,0,598
3325,0,598
3326,0,598
3327,0,598
3328,0,598
3329,0,598
3330,0,598
3331,0,598
3332,0,598
3333,0,598
3334,0,598
3335,0,598
3336,0,598
3337,0,598
3338,0,598
3339,0,598
3340,0,598
3341,0,598
3342,0,598
3343,0,598
3344,0,598
3345,0,598
3346,0,598
3347,0,598
3348,0,598
3349,0,598
3350,0,598
3351,0,598
3352,0,599
3353,0,599
3354,0,3
3355,0,600
3356,0,600
3357,0,600
3358,0,600
3359,0,600
3360,0,600
3361,0,3
3362,0,600
3363,0,600
3364,0,600
3365,0,600
3366,0,600
3367,0,600
3368,0,600
3369,0,3
3370,0,600
3371,0,600
3372,0,600
3373,0,600
3374,0,600
3375,0,600
3376,0,600
3377,0,600
3378,0,600
3379,0,600
3380,0,600
3381,0,600
3382,0,600
3383,0,600
3384,0,600
3385,0,3
3386,0,555
3387,0,555
3388,0,555
3389,0,555
3390,0,555
3391,0,555
3392,0,555
3393,0,555
3394,0,555
3395,0,555
3396,0,555
3397,0,555
3398,0,555
3399,0,555
3400,0,555
3401,0,555
3402,0,601
3403,0,601
3404,0,602
3405,0,602
3406,0,602
3407,0,602
3408,0,602
3409,0,602
3410,0,602
3411,0,602
3412,0,602
3413,0,602
3414,0,602
3415,0,602
3416,0,602
3417,0,602
3418,0,602
3419,0,602
3420,0,602
3421,0,602
3422,0,602
3423,0,3
3424,0,602
3425,0,602
3426,0,602
3427,0,602
3428,0,602
3429,0,602
3430,0,602
3431,0,602
3432,0,602
3433,0,602
3434,0,3
3435,0,3
3436,0,3
3437,0,3
3438,0,3
3439,0,3
3440,0,3
3441,0,3
3442,0,3
3443,0,3
3444,0,3
3445,0,3
3446,0,3
3447,0,3
3448,0,3
3449,0,3
3450,0,3
3451,0,3
3452,0,3
3453,0,3
3454,0,3
3455,0,3
3456,0,3
3457,0,3
3458,0,3
3459,0,3
3460,0,603
3461,0,603
3462,0,603
3463,0,603
3464,0,63
3465,0,63
3466,0,63
3467,0,63
3468,0,63
3469,0,63
3470,0,63
3471,0,63
3472,0,63
3473,0,63
3474,0,63
3475,0,63
3476,0,63
3477,0,63
3478,0,63
3479,0,63
3480,0,63
3481,0,63
3482,0,63
3483,0,63
3484,0,63
3485,0,63
3486,0,63
3487,0,604
3488,0,604
3489,0,604
3490,0,604
3491,0,604
3492,0,604
3493,0,604
3494,0,604
3495,0,604
3496,0,604
3497,0,604
3498,0,604
3499,0,604
3500,0,604
3501,0,604
3502,0,604
3503,0,604
3504,0,604
3505,0,604
3506,0,320
3507,0,320
3508,0,320
3509,0,62
3510,0,62
3511,0,62
3512,0,62
3513,0,3
3514,0,3
3515,0,3
3516,0,3
3517,0,3
3518,0,3
3519,0,3
3520,0,3
3521,0,121
3522,0,121
3523,0,121
3524,0,605
3525,0,605
3526,0,605
3527,0,605
3528,0,606
3529,0,606
3530,0,561
3531,0,561
3532,0,561
3533,0,607
3534,0,607
3535,0,607
3536,0,575
3537,0,575
3538,0,575
3539,0,608
3540,0,608
3541,0,608
3542,0,608
3543,0,3
3544,0,3
3545,0,3
3546,0,3
3547,0,609
3548,0,609
3549,0,609
3550,0,609
3551,0,609
3552,0,609
3553,0,609
3554,0,609
3555,0,609
3556,0,609
3557,0,609
3558,0,609
3559,0,609
3560,0,609
3561,0,609
3562,0,609
3563,0,609
3564,0,609
3565,0,609
3566,0,609
3567,0,610
3568,0,610
3569,0,610
3570,0,3
3571,0,3
3572,0,3
3573,0,3
3574,0,47
3575,0,47
3576,0,47
3577,0,47
3578,0,575
3579,0,575
3580,0,575
3581,0,3
3582,0,3
3583,0,3
3584,0,611
3585,0,611
3586,0,611
3587,0,611
3588,0,3
3589,0,3
3590,0,3
3591,3,612
3592,3,612
3593,44,612
3594,3,612
3595,44,612
3596,0,613
3597,0,613
3598,0,3
3599,0,3
3600,0,3
3601,0,3
3602,0,3
3603,0,614
3604,0,614
3605,0,614
3606,0,614
3607,0,615
3608,0,616
3609,0,616
3610,0,616
3611,0,47
3612,0,47
3613,0,47
3614,0,47
3615,0,617
3616,0,617
3617,0,617
3618,0,617
3619,0,618
3620,0,618
3621,0,618
3622,0,618
3623,0,619
3624,0,619
3625,0,619
3626,0,575
3627,0,575
3628,0,575
3629,0,575
3630,0,575
3631,0,575
3632,0,620
3633,0,620
3634,0,620
3635,0,620
3636,3,612
3637,3,612
3638,44,612
3639,44,612
3640,3,612
3641,0,621
3642,0,621
3643,0,622
3644,0,622
3645,0,575
3646,0,575
3647,0,575
3648,0,3
3649,0,3
3650,0,3
3651,0,3
3652,0,623
3653,0,623
3654,0,623
3655,0,624
3656,0,624
3657,0,624
3658,0,624
3659,0,625
3660,0,625
3661,0,626
3662,0,626
3663,0,627
3664,0,627
3665,0,627
3666,0,627
3667,0,628
3668,0,628
3669,0,628
3670,0,3
3671,0,3
3672,0,3
3673,0,47
3674,0,47
3675,0,3
3676,0,3
3677,0,3
3678,0,3
3679,0,555
3680,0,629
3681,0,630
3682,0,630
3683,0,630
3684,0,631
3685,0,631
3686,0,3
3687,0,3
3688,0,632
3689,0,632
3690,0,63
3691,0,63
3692,0,633
3693,0,633
3694,0,634
3695,0,634
3696,0,633
3697,0,633
3698,0,62
3699,0,62
3700,0,635
3701,0,635
3702,0,635
3703,0,635
3704,0,635
3705,0,635
3706,0,635
3707,0,635
3708,0,635
3709,0,636
3710,0,636
3711,0,636
3712,0,636
3713,0,636
3714,0,636
3715,0,3
3716,0,636
3717,0,636
3718,0,636
3719,0,636
3720,0,636
3721,0,636
3722,0,636
3723,0,637
3724,0,637
3725,0,637
3726,0,638
3727,0,638
3728,0,639
3729,0,639
3730,0,639
3731,0,640
3732,0,640
3733,0,640
3734,0,3
3735,0,3
3736,0,641
3737,0,641
3738,0,614
3739,0,614
3740,0,642
3741,0,642
3742,0,443
3743,0,443
3744,0,3
3745,0,3
3746,0,3
3747,0,3
3748,0,3
3749,0,614
3750,0,614
3751,0,614
3752,0,643
3753,0,643
3754,0,644
3755,0,644
3756,0,644
3757,0,3
3758,0,3
3759,0,323
3760,0,323
3761,0,323
3762,0,642
3763,0,642
3764,0,645
3765,0,645
3766,0,642
3767,0,642
3768,0,646
3769,0,646
3770,0,646
3771,0,3
3772,0,3
3773,0,3
3774,0,3
3775,0,3
3776,0,362
3777,0,362
3778,0,647
3779,0,647
3780,0,647
3781,0,647
3782,0,647
3783,0,648
3784,0,648
3785,0,3
3786,0,3
3787,0,575
3788,0,575
3789,0,649
3790,0,650
3791,0,650
3792,0,650
3793,0,650
3794,0,650
3795,0,650
3796,0,650
3797,0,650
3798,0,650
3799,0,650
3800,0,650
3801,0,650
3802,0,650
3803,0,650
3804,0,650
3805,0,650
3806,0,0
3807,0,0
3808,0,0
3809,0,0
3810,0,0
3811,0,0
3812,0,0
3813,0,0
3814,0,0
3815,0,0
3816,0,0
3817,0,0
3818,0,560
3819,0,560
3820,0,560
3821,0,560
3822,0,560
3823,0,560
3824,0,560
3825,0,560
3826,0,560
3827,0,560
3828,0,560
3829,0,560
3830,0,6
3831,0,6
3832,0,651
3833,0,651
3834,0,652
3835,0,652
3836,0,652
3837,0,652
3838,0,652
3839,0,652
3840,0,652
3841,0,555
3842,0,555
3843,0,555
3844,0,555
3845,0,555
3846,0,555
3847,0,555
3848,0,651
3849,0,651
3850,0,651
3851,0,651
3852,0,3
3853,0,3
3854,0,3
3855,0,3
3856,0,653
3857,0,653
3858,0,653
3859,0,653
3860,0,653
3861,0,653
3862,0,653
3863,0,653
3864,0,241
3865,0,241
3866,0,241
3867,0,241
3868,0,241
3869,0,241
3870,0,3
3871,0,3
3872,0,3
3873,0,3
3874,0,3
3875,0,3
3876,0,3
3877,0,3
3878,0,654
3879,0,654
3880,0,654
3881,0,654
3882,0,654
3883,0,654
3884,0,654
3885,0,654
3886,0,654
3887,0,654
3888,0,654
3889,0,654
3890,0,655
3891,0,655
3892,0,655
3893,0,655
3894,0,656
3895,0,656
3896,0,656
3897,0,656
3898,0,645
3899,0,645
3900,0,645
3901,0,645
3902,0,645
3903,0,645
3904,0,645
3905,0,645
3906,0,645
3907,0,3
3908,0,3
3909,0,3
3910,0,657
3911,0,658
3912,0,658
3913,0,658
3914,0,658
3915,0,659
3916,0,659
3917,0,659
3918,0,659
3919,0,659
3920,0,659
3921,0,659
3922,0,659
3923,0,660
3924,0,660
3925,0,660
3926,0,660
3927,0,660
3928,0,660
3929,0,660
3930,0,660
3931,0,3
3932,0,661
3933,0,661
3934,0,661
3935,0,661
3936,0,661
3937,0,661
3938,0,3
3939,0,3
3940,0,3
3941,0,3
3942,0,3
3943,0,3
3944,0,3
3945,0,3
3946,0,3
3947,0,3
3948,0,3
3949,0,3
3950,0,3
3951,0,633
3952,0,633
3953,0,633
3954,0,633
3955,0,633
3956,0,633
3957,0,633
3958,0,633
3959,0,662
3960,0,662
3961,0,662
3962,0,662
3963,0,662
3964,0,662
3965,0,663
3966,0,663
3967,0,663
3968,0,663
3969,0,663
3970,0,663
3971,0,663
3972,0,361
3973,0,361
3974,0,361
3975,0,361
3976,0,361
3977,0,3
3978,0,3
3979,0,664
3980,0,664
3981,0,664
3982,0,3
3983,0,3
3984,0,3
3985,0,3
3986,0,3
3987,0,3
3988,0,3
3989,0,3
3990,0,3
3991,0,665
3992,0,665
3993,0,665
3994,0,665
3995,0,665
3996,0,666
3997,0,666
3998,0,63
3999,0,63
4000,0,63
4001,0,63
4002,0,63
4003,0,667
4004,0,668
4005,0,597
4006,0,597
4007,0,597
4008,0,597
4009,0,597
4010,0,669
4011,0,669
4012,0,669
4013,0,670
4014,0,670
4015,0,670
4016,0,670
4017,0,642
4018,0,671
4019,0,671
4020,0,671
4021,0,671
4022,0,671
4023,0,671
4024,0,671
4025,0,671
4026,0,671
4027,0,671
4028,0,3
4029,0,47
4030,0,47
4031,0,47
4032,0,47
4033,0,47
4034,0,47
4035,0,672
4036,0,672
4037,0,673
4038,0,673
4039,0,673
4040,0,673
4041,0,673
4042,0,673
4043,0,673
4044,0,674
4045,0,675
4046,0,632
4047,0,676
4048,0,3
4049,0,3
4050,0,676
4051,0,3
4052,0,676
4053,0,78
4054,0,78
4055,0,47
4056,0,47
4057,0,677
4058,0,677
4059,0,677
4060,0,677
4061,0,678
4062,0,69
4063,0,679
4064,0,679
4065,0,679
4066,0,679
4067,20,680
4068,20,680
4069,20,680
4070,0,603
4071,0,603
4072,0,603
4073,0,3
4074,0,3
4075,0,3
4076,0,3
4077,0,3
4078,0,3
4079,0,681
4080,0,682
4081,0,682
4082,0,682
4083,0,682
4084,0,683
4085,0,683
4086,0,683
4087,0,683
4088,0,683
4089,0,3
4090,0,3
4091,0,3
4092,0,3
4093,0,3
4094,0,684
4095,0,3
4096,0,665
4097,0,665
4098,0,69
4099,0,3
4100,0,69
4101,0,69
4102,0,69
4103,0,685
4104,0,686
4105,0,687
4106,0,688
4107,0,688
4108,0,688
4109,0,688
4110,0,689
4111,0,689
4112,0,689
4113,0,689
4114,0,689
4115,20,690
4116,20,690
4117,20,690
4118,0,673
4119,0,673
4120,0,673
4121,0,3
4122,0,3
4123,0,691
4124,0,691
4125,0,78
4126,0,78
4127,0,3
4128,0,3
4129,0,3
4130,0,3
4131,0,692
4132,0,692
4133,0,693
4134,0,693
4135,0,693
4136,0,693
4137,0,3
4138,0,63
4139,0,63
4140,0,63
4141,0,63
4142,0,614
4143,0,682
4144,0,682
4145,0,3
4146,0,3
4147,0,694
4148,0,694
4149,0,694
4150,0,694
4151,0,695
4152,0,695
4153,0,62
4154,0,62
4155,0,696
4156,0,633
4157,0,633
4158,0,697
4159,0,697
4160,0,697
4161,0,320
4162,0,320
4163,0,320
4164,0,3
4165,0,3
4166,0,698
4167,0,698
4168,0,698
4169,0,698
4170,3,699
4171,44,699
4172,3,699
4173,0,700
4174,0,3
4175,0,3
4176,0,3
4177,0,701
4178,0,701
4179,0,702
4180,0,702
4181,0,62
4182,0,6
4183,0,6
4184,0,6
4185,0,703
4186,0,704
4187,0,671
4188,0,671
4189,0,671
4190,0,633
4191,0,633
4192,0,633
4193,0,705
4194,0,3
4195,0,3
4196,0,666
4197,0,706
4198,0,707
4199,0,707
4200,0,707
4201,0,707
4202,0,597
4203,0,597
4204,0,597
4205,0,708
4206,0,43
4207,0,43
4208,0,43
4209,0,631
4210,0,631
4211,0,631
4212,0,709
4213,0,3
4214,0,3
4215,0,3
4216,0,63
4217,0,63
4218,0,63
4219,0,698
4220,0,3
4221,0,3
4222,0,3
4223,0,710
4224,0,710
4225,0,710
4226,0,560
4227,0,560
4228,0,711
4229,0,603
4230,0,117
4231,0,117
4232,0,3
4233,0,96
4234,0,96
4235,0,96
4236,0,712
4237,0,712
4238,0,712
4239,0,713
4240,0,3
4241,0,3
4242,0,3
4243,0,63
4244,0,63
4245,0,63
4246,0,3
4247,0,3
4248,0,3
4249,0,662
4250,0,662
4251,0,662
4252,0,3
4253,0,3
4254,0,3
4255,0,3
4256,0,3
4257,0,117
4258,0,117
4259,0,117
4260,0,661
4261,0,661
4262,0,63
4263,0,63
4264,0,63
4265,0,714
4266,0,714
4267,0,714
4268,0,69
4269,0,69
4270,0,243
4271,0,243
4272,0,243
4273,0,715
4274,0,560
4275,0,560
4276,0,560
4277,0,43
4278,0,43
4279,0,43
4280,0,2
4281,0,716
4282,0,716
4283,0,716
4284,0,3
4285,0,3
4286,0,3
4287,0,716
4288,0,716
4289,0,716
4290,0,717
4291,0,230
4292,0,230
4293,0,698
4294,0,3
4295,0,698
4296,0,698
4297,0,3
4298,0,698
4299,0,698
4300,0,698
4301,0,698
4302,0,698
4303,0,698
4304,0,698
4305,0,718
4306,0,698
4307,0,698
4308,0,698
4309,0,698
4310,0,698
4311,0,719
4312,0,698
4313,0,720
4314,0,698
4315,0,698
4316,0,698
4317,0,119
4318,0,698
4319,0,63
4320,0,698
4321,0,233
4322,0,698
4323,0,721
4324,0,698
4325,0,3
4326,0,722
4327,0,722
4328,0,722
4329,0,3
4330,0,3
4331,0,3
4332,0,723
4333,0,723
4334,0,723
4335,0,698
4336,0,712
4337,0,712
4338,0,712
4339,0,724
4340,0,724
4341,0,725
4342,0,725
4343,0,725
4344,0,712
4345,0,712
4346,0,698
4347,0,698
4348,0,691
4349,0,691
4350,0,691
4351,0,691
4352,0,691
4353,0,691
4354,0,691
4355,0,726
4356,0,230
4357,0,230
4358,0,230
4359,0,698
4360,0,3
4361,0,3
4362,0,3
4363,0,3
4364,0,3
4365,0,3
4366,0,727
4367,0,727
4368,0,727
4369,0,728
4370,0,729
4371,0,729
4372,0,3
4373,0,3
4374,0,3
4375,0,673
4376,0,673
4377,0,673
4378,0,730
4379,0,730
4380,0,730
4381,0,3
4382,0,3
4383,0,3
4384,0,716
4385,0,716
4386,0,716
4387,0,663
4388,0,663
4389,0,731
4390,0,142
4391,0,142
4392,0,142
4393,0,732
4394,0,732
4395,0,733
4396,0,708
4397,0,708
4398,0,708
4399,0,3
4400,0,3
4401,0,3
4402,0,3
4403,0,3
4404,0,3
4405,0,3
4406,0,3
4407,0,3
4408,0,734
4409,0,734
4410,0,735
4411,0,735
4412,0,712
4413,0,712
4414,0,712
4415,0,698
4416,0,698
4417,0,698
4418,0,3
4419,0,3
4420,0,3
4421,0,575
4422,0,575
4423,0,575
4424,0,736
4425,0,736
4426,0,3
4427,0,3
4428,0,3
4429,0,698
4430,0,43
4431,0,43
4432,0,43
4433,0,230
4434,0,230
4435,0,230
4436,0,645
4437,0,645
4438,0,645
4439,0,3
4440,0,3
4441,0,3
4442,0,737
4443,0,737
4444,0,737
4445,0,738
4446,0,738
4447,0,738
4448,0,3
4449,0,3
4450,0,3
4451,0,63
4452,0,63
4453,0,63
4454,0,716
4455,0,716
4456,0,716
4457,0,739
4458,0,739
4459,0,739
4460,0,3
4461,0,729
4462,0,729
4463,0,729
4464,0,740
4465,0,698
4466,0,698
4467,0,741
4468,0,741
4469,0,741
4470,0,230
4471,0,230
4472,0,230
4473,0,742
4474,0,742
4475,0,742
4476,0,743
4477,0,744
4478,0,744
4479,0,744
4480,0,745
4481,0,745
4482,0,745
4483,0,3
4484,0,320
4485,0,320
4486,0,320
4487,0,30
4488,0,30
4489,0,561
4490,0,746
4491,0,698
4492,0,698
4493,0,575
4494,0,575
4495,0,747
4496,0,62
4497,0,62
4498,0,62
4499,12,748
4500,12,748
4501,0,320
4502,0,698
4503,0,474
4504,0,474
4505,0,749
4506,0,749
4507,0,750
4508,0,751
4509,0,751
4510,0,751
4511,0,629
4512,0,3
4513,0,752
4514,0,752
4515,0,63
4516,0,604
4517,0,69
4518,0,69
4519,0,63
4520,0,753
4521,0,754
4522,0,739
4523,0,739
4524,0,588
4525,0,588
4526,0,755
4527,0,755
4528,0,3
4529,0,676
4530,0,673
4531,0,673
4532,0,731
4533,0,673
4534,0,3
4535,0,3
4536,0,756
4537,0,731
4538,0,731
4539,0,437
4540,0,437
4541,0,588
4542,0,63
4543,0,269
4544,0,269
4545,0,3
4546,0,3
4547,0,698
4548,0,698
4549,0,698
4550,0,3
4551,0,698
4552,0,698
4553,0,698
4554,0,698
4555,0,757
4556,0,698
4557,0,698
4558,0,698
4559,0,698
4560,0,758
4561,0,759
4562,0,759
4563,0,760
4564,0,63
4565,0,585
4566,0,761
4567,0,691
4568,0,691
4569,0,762
4570,0,762
4571,0,140
4572,0,140
4573,0,63
4574,0,63
4575,0,3
4576,0,3
4577,0,763
4578,0,698
4579,0,17
4580,0,380
4581,0,724
4582,0,724
4583,0,500
4584,0,764
4585,0,765
4586,0,765
4587,0,3
4588,0,3
4589,0,766
4590,0,767
4591,0,62
4592,0,768
4593,0,768
4594,0,769
4595,0,769
4596,0,770
4597,0,771
4598,0,686
4599,0,723
4600,0,3
4601,0,3
4602,0,665
4603,0,63
4604,0,69
4605,0,119
4606,0,3
4607,0,3
4608,0,772
4609,0,772
4610,0,773
4611,0,774
4612,0,775
4613,0,775
4614,0,6
4615,0,6
4616,0,6
4617,0,6
4618,0,776
4619,0,776
4620,0,777
4621,37,778
4622,0,778
4623,0,779
4624,0,779
4625,0,317
4626,0,317
4627,0,3
4628,0,698
4629,0,780
4630,0,781
4631,0,782
4632,0,63
4633,0,3
4634,0,751
4635,0,751
4636,0,603
4637,0,62
4638,0,62
4639,0,69
4640,0,69
4641,0,783
4642,0,756
4643,0,784
4644,0,785
4645,0,786
4646,0,787
4647,0,788
4648,0,3
4649,0,687
4650,0,789
4651,0,686
4652,0,790
4653,0,791
4654,0,63
4655,0,792
4656,0,788
4657,0,604
4658,0,793
4659,0,794
4660,0,62
4661,0,62
4662,0,560
4663,0,795
4664,0,796
4665,48,3
4666,20,603
4667,0,797
4668,10,64
4669,0,0
4670,0,585
4671,0,3
4672,0,760
4673,0,168
4674,0,3
4675,0,662
4676,0,711
4677,0,0
4678,0,633
4679,0,561
4680,0,320
4681,0,686
4682,0,35
4683,0,798
4684,0,799
4685,0,3
4686,0,797
4687,0,3
4688,0,708
4689,0,69
4690,0,3
4691,0,800
4692,0,500
4693,0,801
4694,0,802
4695,0,3
4696,0,708
4697,0,63
4698,0,803
4699,0,801
4702,0,62
4702,0,62
4702,0,62
4703,0,69
4704,0,804
4705,0,557
4706,0,805
4707,0,673
4708,0,630
4709,0,3
4710,0,682
4711,0,806
4712,0,807
4713,0,320
4714,0,808
4715,0,809
4716,0,47
4717,0,752
4718,0,810
4719,0,811
4720,0,63
4721,0,687
4722,0,687
4723,0,71
4724,0,3
4725,0,812
4726,0,62
4727,0,813
4728,0,715
4729,0,6
4730,0,3
4731,0,814
4732,0,575
4733,0,630
4734,0,3
4735,0,815
4736,0,816
4737,0,62
4738,0,3
4739,0,711
4740,0,3
4741,0,817
4742,0,3
4743,0,3
4744,0,818
4745,0,673
4746,0,3
4747,0,3
4748,0,756
4749,0,807
4750,0,819
4751,0,820
4752,0,305
4753,12,821
4754,0,3
4755,32,293
4756,0,673
4757,2,639
4758,0,682
4759,0,63
4760,0,233
4761,0,3
4762,0,822
4763,0,823
4764,0,797
4765,0,824
4766,20,187
4767,35,3
4768,0,233
4769,0,687
4770,0,659
4771,0,711
4772,0,62
4773,0,825
4774,0,292
4775,0,794
4776,0,665
4777,0,826
4778,0,69
4779,0,69
4780,0,3
4781,0,588
4782,0,827
4783,0,3
4784,0,35
4785,0,828
4786,0,3
4787,0,829
4788,0,226
4789,0,830
4790,0,673
4791,0,3
4792,0,831
4793,0,832
4794,0,630
4795,0,743
4796,0,833
4797,0,3
4798,0,555
4799,0,3
4800,0,834
4801,0,3
4802,0,835
4803,0,836
4804,0,837
4805,0,3
4806,0,320
4807,0,838
4808,0,839
4809,0,603
4810,0,673
4811,0,617
4812,0,3
4813,12,840
4814,0,794
4815,0,678
4816,0,3
4817,0,841
4818,0,3
4819,0,3
4820,0,842
4821,0,843
4822,0,3
4823,0,651
4824,0,340
4825,0,3
4826,0,3
4827,0,3
4828,0,804
4829,0,844
4830,0,63
4831,0,3
4832,0,845
4833,0,62
4834,0,846
4835,0,847
4836,0,3
4837,0,803
4838,0,809
4839,0,809
4840,0,809
4841,0,63
4842,0,732
4843,0,63
4844,0,340
4845,0,848
4846,0,69
4847,0,849
4848,0,673
4849,0,63
4850,0,850
4851,0,3
4852,0,3
4853,0,698
4854,0,233
4855,12,3
4856,0,803
4857,0,851
4858,0,69
4859,0,30
4860,0,320
4861,0,69
4862,0,673
4863,0,673
4864,0,852
4865,0,673
4866,0,853
4867,0,47
4868,0,755
4869,0,854
4870,0,682
4871,0,3
4872,0,855
4873,0,633
4874,0,856
4875,0,3
4876,0,3
4877,0,3
4878,0,320
4879,0,645
4880,0,3
4881,0,585
4882,0,17
4883,0,17
4884,0,3
4885,0,716
4886,0,846
4887,0,316
4888,0,716
4889,0,603
4890,0,69
4891,0,3
4892,0,723
4893,0,320
4894,0,857
4895,0,597
4896,0,3
4897,0,858
4898,0,69
4899,0,859
4900,0,860
4901,0,861
4902,0,716
4903,0,3
4904,0,3
4905,0,63
4906,0,673
4907,0,3
4908,0,30
4909,0,320
4910,0,69
4911,0,801
4912,0,862
4913,0,3
4914,0,3
4915,0,47
4916,0,3
4917,0,863
4918,0,864
4919,0,3
4920,0,708
4921,0,432
4922,0,865
4923,0,3
4924,0,597
4925,0,233
4926,0,3
4927,0,63
4928,0,866
4929,0,3
4930,0,3
4931,0,635
4932,0,867
4933,0,3
4934,63,498
4935,0,868
4936,0,869
4937,0,716
4938,0,870
4939,0,69
4940,0,575
4941,0,63
4942,0,645
4943,0,871
4944,0,71
4945,0,3
4946,0,872
4947,0,873
4948,0,117
4949,0,874
4950,0,875
4951,0,561
4952,0,323
4953,0,35
4954,0,670
4955,0,665
4956,0,800
4957,0,63
4958,0,323
4959,0,142
4960,0,3
4961,0,876
4962,0,698
4963,0,632
4964,10,877
4965,0,817
4966,0,320
4967,0,878
4968,0,3
4969,0,3
4970,0,242
4971,0,3
4972,0,687
4973,0,711
4974,0,712
4975,0,500
4976,0,63
4977,0,766
4978,0,3
4979,0,879
4980,0,597
4981,0,609
4982,0,62
4983,0,3
4984,0,3
4985,0,682
4986,0,880
4987,0,673
4988,0,63
4989,0,807
4990,0,881
4991,0,882
4992,0,233
4993,0,47
4994,0,3
4995,0,3
4996,0,597
4997,0,3
4998,0,633
4999,0,883
5000,0,3
5001,0,62
5002,0,770
5003,0,740
5004,0,3
5005,0,63
5006,0,884
5007,0,3
5008,0,3
5009,0,30
5010,0,885
5011,0,3
5012,0,47
5013,67,541
5014,0,886
5015,0,63
5016,0,3
5017,0,144
5018,0,473
5019,0,3
5020,0,316
5021,0,714
5022,0,3
5023,0,3
5024,0,616
5025,0,662
5026,0,887
5027,0,63
5028,0,673
5029,0,597
5030,0,888
5031,0,3
5032,0,889
5033,0,889
5034,0,890
5035,0,561
5036,0,0
5037,0,47
5038,0,3
5039,0,71
5040,0,682
5041,0,891
5042,0,585
5043,0,3
5044,0,63
5045,0,892
5046,0,62
5047,0,711
5048,0,758
5049,0,63
5050,0,654
5051,0,846
5052,20,807
5053,0,893
5054,0,3
5055,0,894
5056,0,474
5057,0,716
5058,0,62
5059,0,69
5060,0,895
5061,0,500
5062,0,3
5063,0,795
5064,0,380
5065,0,698
5066,0,896
5067,0,659
5068,0,897
5069,0,851
5070,0,716
5071,0,898
5072,0,47
5073,0,899
5074,0,323
5075,0,30
5076,0,597
5077,0,900
5078,0,3
5079,0,604
5080,0,901
5081,0,597
5082,0,716
5083,0,902
5084,0,903
5085,0,3
5086,0,3
5087,2,904
5088,0,3
5089,0,233
5090,0,905
5091,0,3
5092,0,906
5093,0,686
5094,0,723
5095,0,3
5096,0,3
5097,0,731
5098,0,3
5099,0,62
5100,0,631
5101,0,907
5102,0,673
5103,0,908
5104,0,3
5105,0,3
5106,0,3
5107,0,673
5108,0,71
5109,0,909
5110,0,3
5111,0,69
5112,0,910
5113,0,63
5114,0,911
5115,0,912
5116,0,585
5117,70,913
5118,70,913
5119,70,914
5120,71,218
5121,72,915
5122,72,915
5123,72,915
5124,72,916
5125,72,904
5126,72,917
5127,72,63
5128,72,918
5129,72,915
5130,1,919
5131,1,10
5132,1,3
5133,2,11
5134,2,464
5135,2,523
5136,2,20
5137,2,3
5138,4,34
5139,4,38
5140,4,3
5141,4,3
5142,4,920
5143,4,921
5144,8,731
5145,8,473
5146,8,922
5147,10,56
5148,12,81
5149,12,3
5150,12,923
5151,12,560
5152,12,265
5153,12,555
5154,12,92
5155,12,555
5156,14,3
5157,14,141
5158,14,3
5159,15,3
5160,16,3
5161,19,160
5162,19,924
5163,19,925
5164,21,169
5165,21,169
5166,21,926
5167,5,3
5168,5,207
5169,5,212
5170,5,201
5171,5,927
5172,5,3
5173,3,238
5174,3,3
5175,3,255
5176,3,3
5177,3,52
5178,3,928
5179,3,250
5180,3,144
5181,3,929
5182,3,243
5183,3,243
5184,3,234
5185,3,144
5186,31,279
5187,22,289
5188,33,306
5189,35,3
5190,35,314
5191,36,3
5192,36,3
5193,36,898
5194,36,3
5195,36,3
5196,36,3
5197,36,49
5198,36,3
5199,37,3
5200,42,352
5201,44,930
5202,44,3
5203,44,364
5204,44,931
5205,45,384
5206,45,3
5207,46,395
5208,46,396
5209,46,395
5210,46,3
5211,50,418
5212,50,3
5213,53,432
5214,55,439
5215,55,443
5216,55,932
5217,58,3
5218,60,466
5219,62,52
5220,62,52
5221,62,52
5222,62,52
5223,62,52
5224,62,480
5225,62,480
5226,63,406
5227,63,406
5228,27,3
5229,27,3
5230,27,933
5231,27,934
5232,27,934
5233,0,63
5234,27,933
5235,27,935
5236,27,3
5237,27,936
5238,27,520
5239,27,937
5240,27,938
5241,65,3
5242,65,529
5243,67,537
5244,67,3
5245,67,538
5246,67,939
5247,68,542
5248,20,546
5249,20,3
5250,20,3
5251,20,3
5252,20,509
5253,20,551
5254,20,3
5255,20,561
5256,20,3
5257,0,595
5258,0,600
5259,0,555
5260,0,602
5261,0,3
5262,0,320
5263,0,575
5264,0,609
5265,0,609
5266,0,621
5267,0,622
5268,0,622
5269,0,575
5270,0,625
5271,0,635
5272,0,650
5273,0,0
5274,0,560
5275,0,6
5276,0,3
5277,0,3
5278,0,655
5279,0,655
5280,0,655
5281,0,940
5282,0,940
5283,0,657
5284,0,658
5285,0,661
5286,0,665
5287,0,63
5288,0,670
5289,0,670
5290,0,870
5291,0,47
5292,0,672
5293,0,672
5294,0,673
5295,0,632
5296,0,679
5297,0,682
5298,0,682
5299,0,683
5300,0,685
5301,0,686
5302,0,941
5303,0,941
5304,20,690
5305,0,942
5306,0,3
5307,0,943
5308,0,614
5309,0,614
5310,0,614
5311,0,3
5312,0,3
5313,0,633
5314,0,697
5315,0,62
5316,0,6
5317,0,704
5318,0,671
5319,0,666
5320,0,3
5321,0,686
5322,0,361
5323,0,361
5324,0,708
5325,0,708
5326,0,3
5327,0,603
5328,0,944
5329,0,117
5330,0,816
5331,0,3
5332,0,3
5333,0,69
5334,0,715
5335,0,230
5336,0,168
5337,0,585
5338,0,585
5339,0,724
5340,0,712
5341,0,691
5342,0,691
5343,0,691
5344,0,729
5345,0,732
5346,0,734
5347,0,945
5348,0,945
5349,0,736
5350,0,740
5351,0,946
5352,0,743
5353,0,561
5354,0,947
5355,0,947
5356,0,30
5357,0,948
5358,0,320
5359,0,731
5360,0,731
5361,0,756
5362,0,949
5363,0,950
5364,0,731
5365,0,731
5366,0,597
5367,0,597
5368,0,951
5369,0,555
5370,0,751
5371,0,751
5372,0,3
5373,0,3
5374,0,0
5375,0,3
5376,0,6
5377,0,952
5378,0,952
5379,0,575
5380,0,575
5381,0,63
5382,0,63
5383,0,632
5384,0,698
5385,0,3
5386,0,3
5387,0,3
5388,0,604
5389,0,894
5390,0,585
5391,0,712
5392,0,712
5393,0,615
5394,0,588
5395,0,3
5396,0,698
5397,0,758
5398,0,585
5399,0,437
5400,0,3
5401,0,3
5402,0,953
5403,0,953
5404,0,954
5405,0,955
5406,0,955
5407,0,601
5408,0,437
5409,0,437
5410,0,3
5411,0,3
5412,0,6
5413,0,6
5414,0,63
5415,0,3
5416,0,3
5417,0,69
5418,0,683
5419,0,500
5420,0,766
5421,0,686
5422,0,723
5423,0,956
5424,0,695
5425,0,3
5426,0,957
5427,0,958
5428,32,3
5429,0,3
5430,0,731
5431,0,69
5432,0,3
5433,0,3
5434,0,732
5435,0,959
5436,0,233
5437,0,43
5438,0,3
5439,0,632
5440,0,756
5441,12,3
5442,1,3
5443,2,3
5444,2,3
5445,2,3
5446,44,18
5447,44,18
5448,8,208
5449,8,208
5450,8,208
5451,8,208
5452,8,960
5453,8,960
5454,8,960
5455,8,960
5456,8,53
5457,10,961
5458,10,3
5459,12,77
5460,12,77
5461,12,77
5462,12,77
5463,12,77
5464,12,77
5465,12,77
5466,12,77
5467,12,77
5468,12,77
5469,12,77
5470,12,77
5471,12,77
5472,12,77
5473,12,77
5474,12,77
5475,12,77
5476,12,77
5477,12,77
5478,12,77
5479,12,77
5480,12,77
5481,12,77
5482,12,77
5483,12,77
5484,12,75
5485,12,75
5486,12,75
5487,12,75
5488,12,962
5489,12,89
5490,12,89
5491,12,963
5492,12,963
5493,12,963
5494,12,923
5495,12,923
5496,12,3
5497,12,679
5498,12,30
5499,12,679
5500,14,3
5501,14,3
5502,14,3
5503,14,3
5504,14,3
5505,14,3
5506,14,3
5507,14,3
5508,14,3
5509,14,3
5510,14,3
5511,14,3
5512,14,3
5513,14,3
5514,14,3
5515,14,3
5516,14,115
5517,14,115
5518,14,115
5519,14,115
5520,14,115
5521,14,109
5522,14,109
5523,14,964
5524,14,965
5525,21,179
5526,5,3
5527,5,3
5528,5,3
5529,5,3
5530,5,3
5531,5,3
5532,5,3
5533,5,3
5534,5,3
5535,5,3
5536,5,3
5537,5,3
5538,5,3
5539,5,3
5540,5,3
5541,5,3
5542,5,3
5543,5,3
5544,5,3
5545,5,3
5546,5,3
5547,5,3
5548,5,119
5549,5,571
5550,3,243
5551,3,3
5552,3,243
5553,3,3
5554,3,966
5555,3,966
5556,3,966
5557,3,966
5558,3,966
5559,3,966
5560,3,144
5561,3,144
5562,3,967
5563,28,144
5564,32,291
5565,32,291
5566,32,291
5567,32,291
5568,36,3
5569,36,3
5570,36,3
5571,36,3
5572,36,3
5573,36,968
5574,41,969
5575,41,969
5576,41,969
5577,41,969
5578,41,969
5579,41,3
5580,44,45
5581,46,3
5582,46,970
5583,73,971
5584,50,972
5585,53,432
5586,53,3
5587,55,446
5588,55,973
5589,60,17
5590,60,17
5591,62,3
5592,0,486
5593,63,974
5594,63,974
5595,63,974
5596,27,975
5597,27,975
5598,20,546
5599,20,546
5600,20,546
5601,20,546
5602,20,546
5603,20,546
5604,20,546
5605,20,546
5606,20,226
5607,20,546
5608,20,976
5609,20,3
5610,20,591
5611,20,591
5612,20,591
5613,20,3
5614,20,551
5615,20,574
5616,20,591
5617,0,593
5618,0,594
5619,0,593
5620,0,594
5621,0,593
5622,0,594
5623,0,593
5624,0,594
5625,0,593
5626,0,594
5627,0,593
5628,0,594
5629,0,593
5630,0,594
5631,0,593
5632,0,594
5633,0,593
5634,0,594
5635,0,593
5636,0,597
5637,0,3
5638,0,3
5639,0,3
5640,0,3
5641,0,3
5642,0,3
5643,0,3
5644,0,3
5645,0,3
5646,0,555
5647,0,893
5648,0,3
5649,0,3
5650,0,3
5651,0,323
5652,0,323
5653,0,323
5654,0,323
5655,0,43
5656,0,43
5657,0,43
5658,0,43
5659,0,43
5660,0,43
5661,0,43
5662,0,43
5663,0,43
5664,0,43
5665,0,43
5666,0,43
5667,0,43
5668,0,744
5669,0,977
5670,0,977
5671,0,977
5672,0,977
5673,0,977
5674,0,977
5675,0,978
5676,0,978
5677,0,30
5678,0,30
5679,0,30
5680,0,30
5681,0,30
5682,0,30
5683,0,30
5684,0,30
5685,0,3
5686,0,3
5687,0,3
5688,0,3
5689,0,30
5690,0,30
5691,0,30
5692,0,30
5693,0,30
5694,0,30
5695,0,30
5696,0,30
5697,0,30
5698,0,30
5699,0,30
5700,0,30
5701,0,979
5702,0,979
5703,0,979
5704,0,979
5705,0,3
5706,0,3
5707,0,3
5708,0,3
5709,0,979
5710,0,979
5711,0,979
5712,0,979
5713,0,30
5714,0,30
5715,0,30
5716,0,30
5717,0,30
5718,0,30
5719,0,30
5720,0,30
5721,0,320
5722,0,320
5723,0,320
5724,0,320
5725,0,730
5726,0,980
5727,0,980
5728,0,807
5729,0,807
5730,0,839
5731,0,839
5732,0,981
5733,0,981
5734,0,728
5735,0,731
5736,0,731
5737,0,982
5738,0,983
5739,0,3
5740,0,3
5741,0,3
5742,0,3
5743,0,320
5744,0,3
5745,0,3
5746,0,47
5747,0,47
5748,0,673
5749,0,69
5750,0,69
5751,0,984
5752,0,984
5753,0,859
5754,0,69
5755,0,69
5756,0,603
5757,0,603
5758,0,640
5759,0,3
5760,0,737
5761,0,737
5762,0,985
5763,0,3
5764,0,69
5765,0,715
5766,0,645
5767,0,3
5768,0,323
5769,0,63
5770,0,809
5771,0,809
5772,0,809
5773,0,588
5774,0,3
5775,0,809
5776,0,686
5777,0,820
5778,0,723
5779,0,723
5780,0,3
5781,0,809
5782,0,47
5783,0,986
5784,0,809
5785,0,560
5786,0,3
5787,0,809
5788,0,3
5789,0,3
5790,0,63
5791,0,809
5792,0,633
5793,0,809
5794,0,809
5795,0,665
5796,0,712
5797,0,588
5798,0,987
5799,0,63
5800,3,988
5801,0,809
5802,0,989
5803,0,809
5804,0,990
5805,0,63
5806,0,991
5807,0,684
5808,0,992
5809,0,0
5810,0,30
5811,0,645
5812,0,809
5813,0,805
5814,0,809
5815,0,117
5816,12,3
5817,0,3
5818,0,3
5819,0,645
5820,0,809
5821,0,809
5822,0,62
5823,0,809
5824,0,809
